{"options":{"check_for_updates":true,"comment":null,"compatopts_for_requires":true,"compat_wrappedjsobject":false,"compat_metadata":false,"compat_foreach":false,"compat_arrayleft":false,"compat_uW_gmonkey":false,"compat_forvarin":false,"noframes":null,"awareOfChrome":false,"run_at":null,"override":{"use_includes":[],"orig_includes":["https://movie.douban.com/"],"merge_includes":true,"use_matches":[],"orig_matches":["https://movie.douban.com/*","https://book.douban.com/*"],"merge_matches":true,"use_excludes":[],"orig_excludes":[],"merge_excludes":true,"use_connects":[],"merge_connects":true,"use_blockers":[],"orig_run_at":"document-start","orig_noframes":null}},"settings":{"enabled":true,"position":10},"meta":{"name":"MyDoubanMovieHelper|豆瓣电影C+|豆瓣|豆瓣电影|movie.douban.com","uuid":"501d21f0-b71e-441b-8074-f06c479e3809","modified":1506244520553,"file_url":"https://greasyfork.org/scripts/14636-mydoubanmoviehelper-%E8%B1%86%E7%93%A3%E7%94%B5%E5%BD%B1c-%E8%B1%86%E7%93%A3-%E8%B1%86%E7%93%A3%E7%94%B5%E5%BD%B1-movie-douban-com/code/MyDoubanMovieHelper%7C%E8%B1%86%E7%93%A3%E7%94%B5%E5%BD%B1C+%7C%E8%B1%86%E7%93%A3%7C%E8%B1%86%E7%93%A3%E7%94%B5%E5%BD%B1%7Cmoviedoubancom.user.js"}}