{"options":{"check_for_updates":true,"comment":null,"compatopts_for_requires":true,"compat_wrappedjsobject":false,"compat_metadata":false,"compat_foreach":false,"compat_arrayleft":false,"compat_uW_gmonkey":false,"compat_forvarin":false,"noframes":null,"awareOfChrome":false,"run_at":null,"override":{"use_includes":[],"orig_includes":["http://*.nicovideo.jp/tag/*","http://*.nicovideo.jp/search/*","http://www.nicovideo.jp/my/mylist*","http://ex.nicovideo.jp/*","http://www.nicovideo.jp/video_top*","http://www.nicovideo.jp/mylist/*","http://com.nicovideo.jp/video/*"],"merge_includes":true,"use_matches":[],"orig_matches":[],"merge_matches":true,"use_excludes":[],"orig_excludes":[],"merge_excludes":true,"use_connects":[],"merge_connects":true,"use_blockers":[],"orig_run_at":"document-end","orig_noframes":null}},"settings":{"enabled":true,"position":13},"meta":{"name":"NICO简单\"翻墙\"","uuid":"5ad47474-4743-4937-86d6-308e6ba9649c","modified":1496972463884,"file_url":"https://greasyfork.org/scripts/2473-nico%E7%AE%80%E5%8D%95-%E7%BF%BB%E5%A2%99/code/NICO%E7%AE%80%E5%8D%95%22%E7%BF%BB%E5%A2%99%22.user.js"}}