{"options":{"check_for_updates":true,"comment":null,"compatopts_for_requires":true,"compat_wrappedjsobject":false,"compat_metadata":false,"compat_foreach":false,"compat_arrayleft":false,"compat_uW_gmonkey":false,"compat_forvarin":false,"noframes":null,"awareOfChrome":false,"run_at":null,"override":{"use_includes":[],"orig_includes":["http://weibo.com/*"],"merge_includes":true,"use_matches":[],"orig_matches":[],"merge_matches":true,"use_excludes":[],"orig_excludes":[],"merge_excludes":true,"use_connects":[],"merge_connects":true,"use_blockers":[],"orig_run_at":"document-idle","orig_noframes":null}},"settings":{"enabled":true,"position":14},"meta":{"name":"新浪微博净化","uuid":"41e369a3-1180-45b1-a890-05b91225d6a6","modified":1501309771251,"file_url":"https://greasyfork.org/scripts/27574-%E6%96%B0%E6%B5%AA%E5%BE%AE%E5%8D%9A%E5%87%80%E5%8C%96/code/%E6%96%B0%E6%B5%AA%E5%BE%AE%E5%8D%9A%E5%87%80%E5%8C%96.user.js"}}