{"options":{"check_for_updates":true,"comment":null,"compatopts_for_requires":true,"compat_wrappedjsobject":false,"compat_metadata":false,"compat_foreach":false,"compat_arrayleft":false,"compat_uW_gmonkey":false,"compat_forvarin":false,"noframes":null,"awareOfChrome":false,"run_at":null,"override":{"use_includes":[],"orig_includes":[],"merge_includes":true,"use_matches":[],"orig_matches":["http://ac.qq.com/ComicView/index/id/*","http://m.ac.qq.com/chapter/index/id/*"],"merge_matches":true,"use_excludes":[],"orig_excludes":[],"merge_excludes":true,"use_connects":[],"merge_connects":true,"use_blockers":[],"orig_run_at":"document-idle","orig_noframes":null}},"settings":{"enabled":true,"position":11},"meta":{"name":"腾讯动漫-破解","uuid":"4c535521-c70f-4c19-ae87-130d4b1732a4","modified":1496972450861,"file_url":"https://greasyfork.org/scripts/16887-%E8%85%BE%E8%AE%AF%E5%8A%A8%E6%BC%AB-%E7%A0%B4%E8%A7%A3/code/%E8%85%BE%E8%AE%AF%E5%8A%A8%E6%BC%AB-%E7%A0%B4%E8%A7%A3.user.js"}}