{"options":{"check_for_updates":true,"comment":null,"compatopts_for_requires":true,"compat_wrappedjsobject":false,"compat_metadata":false,"compat_foreach":false,"compat_arrayleft":false,"compat_uW_gmonkey":false,"compat_forvarin":false,"noframes":null,"awareOfChrome":false,"run_at":null,"override":{"use_includes":[],"orig_includes":["/^http:\\/\\/www\\.iqiyi\\.com\\/(v|a|w)_(.*)/"],"merge_includes":true,"use_matches":[],"orig_matches":[],"merge_matches":true,"use_excludes":[],"orig_excludes":[],"merge_excludes":true,"use_connects":[],"merge_connects":true,"use_blockers":[],"orig_run_at":"document-start","orig_noframes":null}},"settings":{"enabled":true,"position":16},"meta":{"name":"解决奇艺解析问题","uuid":"6e5575da-24e7-4afc-9800-de188959038b","modified":1505375436625,"file_url":"https://greasyfork.org/scripts/29873-%E8%A7%A3%E5%86%B3%E5%A5%87%E8%89%BA%E8%A7%A3%E6%9E%90%E9%97%AE%E9%A2%98/code/%E8%A7%A3%E5%86%B3%E5%A5%87%E8%89%BA%E8%A7%A3%E6%9E%90%E9%97%AE%E9%A2%98.user.js"}}