{"options":{"awareOfChrome":false,"check_for_updates":true,"comment":null,"compat_arrayleft":false,"compat_foreach":false,"compat_forvarin":false,"compat_metadata":false,"compat_uW_gmonkey":false,"compat_wrappedjsobject":false,"compatopts_for_requires":true,"noframes":null,"override":{"merge_connects":true,"merge_excludes":true,"merge_includes":true,"merge_matches":true,"orig_connects":[],"orig_excludes":[],"orig_includes":["http://*.nicovideo.jp/tag/*","http://*.nicovideo.jp/search/*","http://www.nicovideo.jp/my/mylist*","http://ex.nicovideo.jp/*","http://www.nicovideo.jp/video_top*","http://www.nicovideo.jp/mylist/*","http://com.nicovideo.jp/video/*"],"orig_matches":[],"orig_noframes":null,"orig_run_at":"document-end","use_blockers":[],"use_connects":[],"use_excludes":[],"use_includes":[],"use_matches":[]},"run_at":null},"settings":{"enabled":true,"position":12},"meta":{"name":"NICO简单\"翻墙\"","uuid":"5ad47474-4743-4937-86d6-308e6ba9649c","modified":1496972463884,"file_url":"https://greasyfork.org/scripts/2473-nico%E7%AE%80%E5%8D%95-%E7%BF%BB%E5%A2%99/code/NICO%E7%AE%80%E5%8D%95%22%E7%BF%BB%E5%A2%99%22.user.js"}}