{"options":{"awareOfChrome":false,"check_for_updates":true,"comment":null,"compat_arrayleft":false,"compat_foreach":false,"compat_forvarin":false,"compat_metadata":false,"compat_uW_gmonkey":false,"compat_wrappedjsobject":false,"compatopts_for_requires":true,"noframes":null,"override":{"merge_connects":true,"merge_excludes":true,"merge_includes":true,"merge_matches":true,"orig_connects":["cache.video.qiyi.com"],"orig_excludes":["*?url=*","*?qt=*","*?v=*"],"orig_includes":["*://v.qq.com/x/*","*://m.v.qq.com/*","*://*.mgtv.com/*b/*","*://*.le.com/ptv/vplay/*","*://m.le.com/*","*://v.youku.com/v_show/*","*://m.youku.com/video/*","*://*.iqiyi.com/v_*","*://*.iqiyi.com/dianying/*","*://*.tudou.com/albumplay/*","*://*.tudou.com/listplay/*","*://*.tudou.com/programs/view/*","*://*.wasu.cn/*Play/show/id/*","*://*tv.sohu.com/*","*://*film.sohu.com/album/*","*://ddp.vip.pptv.com/vod_detail/*","*://*.pptv.com/show/*","*://*.acfun.cn/v/*","*://*.fun.tv/vplay/*","*://vip.1905.com/play/*","*://vip.pptv.com/show/*","*://v.yinyuetai.com/video/*","*://v.yinyuetai.com/playlist/*","*://*.bilibili.com/video/*"],"orig_matches":[],"orig_noframes":null,"orig_run_at":"document-idle","use_blockers":[],"use_connects":[],"use_excludes":[],"use_includes":[],"use_matches":[]},"run_at":null},"settings":{"enabled":true,"position":14},"meta":{"name":"VIP视频破解","uuid":"3f0b5c3c-8742-4aa1-8082-e5600fb9c304","modified":1504346584836,"file_url":"https://openuserjs.org/install/Hoothin/VIP%E8%A7%86%E9%A2%91%E7%A0%B4%E8%A7%A3.user.js"}}