{"options":{"awareOfChrome":false,"check_for_updates":true,"comment":null,"compat_arrayleft":false,"compat_foreach":false,"compat_forvarin":false,"compat_metadata":false,"compat_uW_gmonkey":false,"compat_wrappedjsobject":false,"compatopts_for_requires":true,"noframes":null,"override":{"merge_connects":true,"merge_excludes":true,"merge_includes":true,"merge_matches":true,"orig_connects":[],"orig_excludes":[],"orig_includes":["http*","ftp*"],"orig_matches":[],"orig_noframes":null,"orig_run_at":"document-idle","use_blockers":[],"use_connects":[],"use_excludes":[],"use_includes":[],"use_matches":[]},"run_at":null},"settings":{"enabled":false,"position":8},"meta":{"name":"护眼脚本","uuid":"1d2419de-b96a-411e-bf90-2550fccade65","modified":1499933340493,"file_url":"https://greasyfork.org/scripts/14716-%E6%8A%A4%E7%9C%BC%E8%84%9A%E6%9C%AC/code/%E6%8A%A4%E7%9C%BC%E8%84%9A%E6%9C%AC.user.js"}}