{"options":{"awareOfChrome":false,"check_for_updates":true,"comment":null,"compat_arrayleft":false,"compat_foreach":false,"compat_forvarin":false,"compat_metadata":false,"compat_uW_gmonkey":false,"compat_wrappedjsobject":false,"compatopts_for_requires":true,"noframes":null,"override":{"merge_connects":true,"merge_excludes":true,"merge_includes":true,"merge_matches":true,"orig_connects":[],"orig_excludes":[],"orig_includes":["http://weibo.com/*"],"orig_matches":[],"orig_noframes":null,"orig_run_at":"document-idle","use_blockers":[],"use_connects":[],"use_excludes":[],"use_includes":[],"use_matches":[]},"run_at":null},"settings":{"enabled":true,"position":13},"meta":{"name":"新浪微博净化","uuid":"41e369a3-1180-45b1-a890-05b91225d6a6","modified":1501309771251,"file_url":"https://greasyfork.org/scripts/27574-%E6%96%B0%E6%B5%AA%E5%BE%AE%E5%8D%9A%E5%87%80%E5%8C%96/code/%E6%96%B0%E6%B5%AA%E5%BE%AE%E5%8D%9A%E5%87%80%E5%8C%96.user.js"}}