{"options":{"awareOfChrome":false,"check_for_updates":true,"comment":null,"compat_arrayleft":false,"compat_foreach":false,"compat_forvarin":false,"compat_metadata":false,"compat_uW_gmonkey":false,"compat_wrappedjsobject":false,"compatopts_for_requires":true,"noframes":null,"override":{"merge_connects":true,"merge_excludes":true,"merge_includes":true,"merge_matches":true,"orig_connects":[],"orig_excludes":[],"orig_includes":["*://music.163.com/*"],"orig_matches":["*://music.163.com/*"],"orig_noframes":null,"orig_run_at":"document-start","use_blockers":[],"use_connects":[],"use_excludes":[],"use_includes":[],"use_matches":[]},"run_at":null},"settings":{"enabled":true,"position":6},"meta":{"name":"网易云音乐高音质支持","uuid":"8bcd1660-53c7-4216-af5b-f66277ab2807","modified":1496972214965,"file_url":"https://greasyfork.org/scripts/10582-%E7%BD%91%E6%98%93%E4%BA%91%E9%9F%B3%E4%B9%90%E9%AB%98%E9%9F%B3%E8%B4%A8%E6%94%AF%E6%8C%81/code/%E7%BD%91%E6%98%93%E4%BA%91%E9%9F%B3%E4%B9%90%E9%AB%98%E9%9F%B3%E8%B4%A8%E6%94%AF%E6%8C%81.user.js"}}