{"options":{"awareOfChrome":false,"check_for_updates":true,"comment":null,"compat_arrayleft":false,"compat_foreach":false,"compat_forvarin":false,"compat_metadata":false,"compat_uW_gmonkey":false,"compat_wrappedjsobject":false,"compatopts_for_requires":true,"noframes":null,"override":{"merge_connects":true,"merge_excludes":true,"merge_includes":true,"merge_matches":true,"orig_connects":[],"orig_excludes":[],"orig_includes":[],"orig_matches":["http://ac.qq.com/ComicView/index/id/*","http://m.ac.qq.com/chapter/index/id/*"],"orig_noframes":null,"orig_run_at":"document-idle","use_blockers":[],"use_connects":[],"use_excludes":[],"use_includes":[],"use_matches":[]},"run_at":null},"settings":{"enabled":true,"position":10},"meta":{"name":"腾讯动漫-破解","uuid":"4c535521-c70f-4c19-ae87-130d4b1732a4","modified":1496972450861,"file_url":"https://greasyfork.org/scripts/16887-%E8%85%BE%E8%AE%AF%E5%8A%A8%E6%BC%AB-%E7%A0%B4%E8%A7%A3/code/%E8%85%BE%E8%AE%AF%E5%8A%A8%E6%BC%AB-%E7%A0%B4%E8%A7%A3.user.js"}}