{"options":{"awareOfChrome":false,"check_for_updates":true,"comment":null,"compat_arrayleft":false,"compat_foreach":false,"compat_forvarin":false,"compat_metadata":false,"compat_uW_gmonkey":false,"compat_wrappedjsobject":false,"compatopts_for_requires":true,"noframes":null,"override":{"merge_connects":true,"merge_excludes":true,"merge_includes":true,"merge_matches":true,"orig_connects":[],"orig_excludes":[],"orig_includes":[],"orig_matches":["http://pan.baidu.com/*","https://pan.baidu.com/*","http://yun.baidu.com/*","https://yun.baidu.com/*","https://eyun.baidu.com/*"],"orig_noframes":null,"orig_run_at":"document-start","use_blockers":[],"use_connects":[],"use_excludes":[],"use_includes":[],"use_matches":[]},"run_at":null},"settings":{"enabled":true,"position":2},"meta":{"name":"解决百度云大文件下载限制","uuid":"6320d3b4-474d-408c-8546-57a8819791ea","modified":1496972070251,"file_url":"https://greasyfork.org/scripts/17800-%E8%A7%A3%E5%86%B3%E7%99%BE%E5%BA%A6%E4%BA%91%E5%A4%A7%E6%96%87%E4%BB%B6%E4%B8%8B%E8%BD%BD%E9%99%90%E5%88%B6/code/%E8%A7%A3%E5%86%B3%E7%99%BE%E5%BA%A6%E4%BA%91%E5%A4%A7%E6%96%87%E4%BB%B6%E4%B8%8B%E8%BD%BD%E9%99%90%E5%88%B6.user.js"}}