{"options":{"awareOfChrome":false,"check_for_updates":true,"comment":null,"compat_arrayleft":false,"compat_foreach":false,"compat_forvarin":false,"compat_metadata":false,"compat_uW_gmonkey":false,"compat_wrappedjsobject":false,"compatopts_for_requires":true,"noframes":null,"override":{"merge_connects":true,"merge_excludes":true,"merge_includes":true,"merge_matches":true,"orig_connects":[],"orig_excludes":[],"orig_includes":["/^http:\\/\\/www\\.iqiyi\\.com\\/(v|a|w)_(.*)/"],"orig_matches":[],"orig_noframes":null,"orig_run_at":"document-start","use_blockers":[],"use_connects":[],"use_excludes":[],"use_includes":[],"use_matches":[]},"run_at":null},"settings":{"enabled":true,"position":15},"meta":{"name":"解决奇艺解析问题","uuid":"6e5575da-24e7-4afc-9800-de188959038b","modified":1505375436625,"file_url":"https://greasyfork.org/scripts/29873-%E8%A7%A3%E5%86%B3%E5%A5%87%E8%89%BA%E8%A7%A3%E6%9E%90%E9%97%AE%E9%A2%98/code/%E8%A7%A3%E5%86%B3%E5%A5%87%E8%89%BA%E8%A7%A3%E6%9E%90%E9%97%AE%E9%A2%98.user.js"}}